,seg_start,seg_end,avg_hr,min_hr,max_hr,avg_rr
0,1623134842,1623138441,110.25722222222223,50,170,45.12222222222222
1,1623138442,1623142041,110.50583333333333,50,170,45.072500000000005
