,seg_start,seg_end,avg_hr,min_hr,max_hr,avg_rr
0,1623134842,1623135741,110.34777777777778,50,170,45.19555555555556
1,1623135742,1623136641,109.47666666666667,50,170,45.23555555555556
2,1623136642,1623137541,111.31333333333333,50,170,44.85111111111111
3,1623137542,1623138441,109.89111111111112,50,170,45.20666666666666
4,1623138442,1623139341,109.14666666666666,50,170,45.291111111111114
5,1623139342,1623140241,109.7911111111111,50,170,44.93
6,1623140242,1623141141,110.19555555555556,50,170,45.26888888888889
7,1623141142,1623142041,112.89,50,170,44.8
